[
  {
    "name": "oRaw",
    "type": "me.liuli.elixir.account.CrackedAccount"
  },
  {
    "name": "huben_1337",
    "refreshToken": "M.R3_BL2.-CafuDoVrSyMUDaXSo6bXwbmi12jONclQzsTSxFQMdt2AinG3P2QmfCEenjWErGJ5SwQmxgn2SHqehVCgyzQfcM52MTznDTrj79WTJ*8*0r7JCn!NC7CKyDxCdHWMVocLO4!myVjz4NR71sdLTCr8Y19g!c!SWZV8*g2Kxl2!cboGkuRYoThCkQz47wKkoLAFnFoZRLSHZDpVhOR6jKNGFLx5elI4BzVp2WJiqY!ddH7b8KZL*AiVGTOioFOQzl8VfA*gNodIHdORGVKm*axRoSey2AkluSSeRLHCFe43S0x056DlqaWTkLjRsK4VNbpHAVCUNhKqzi*O8urYIgTzVZ4$",
    "authMethod": "AZURE_APP",
    "type": "me.liuli.elixir.account.MicrosoftAccount"
  },
  {
    "name": "kgb",
    "type": "me.liuli.elixir.account.CrackedAccount"
  },
  {
    "name": "rEUfwn",
    "type": "me.liuli.elixir.account.CrackedAccount"
  },
  {
    "name": "5qGcNL8ITiwmAGw",
    "type": "me.liuli.elixir.account.CrackedAccount"
  },
  {
    "name": "Lb9drsTj",
    "type": "me.liuli.elixir.account.CrackedAccount"
  },
  {
    "name": "Cl2IotDtzUQSvv",
    "type": "me.liuli.elixir.account.CrackedAccount"
  },
  {
    "name": "ADKm7OryIgfp",
    "type": "me.liuli.elixir.account.CrackedAccount"
  }
]